"customer_id","customer_name","customer_lastname","customer_phone","customer_email"
1,"Rollo","Enns","408-286-4530","renns0@msn.com"
2,"Banky","Sibbit","228-209-5972","bsibbit1@columbia.edu"
3,"Kalina","Megany","102-389-3899","kmegany2@harvard.edu"
4,"Janaye","Harston","205-365-6962","jharston3@ning.com"
5,"Jephthah","Fosdyke","621-407-5925","jfosdyke4@cisco.com"
6,"Nananne","Rraundl","212-956-0687","nrraundl5@guardian.co.uk"
7,"Eileen","Redsall","956-785-0579","eredsall6@icq.com"
8,"Diane","Lawdham","229-864-1188","dlawdham7@freewebs.com"
9,"Fulvia","McConnell","562-712-3249","fmcconnell8@scientificamerican.com"
10,"Harley","Senter","723-502-9069","hsenter9@joomla.org"
11,"Robbin","Nowaczyk","200-185-8830","rnowaczyka@columbia.edu"
12,"Drew","Woodroffe","612-555-5399","dwoodroffeb@smh.com.au"
13,"Dalila","Aglione","307-818-0136","daglionec@shop-pro.jp"
14,"Conrad","Vardon","842-669-8082","cvardond@yelp.com"
15,"Cherilynn","Beringer","494-867-4855","cberingere@prlog.org"
16,"Nonna","Edgeller","561-186-5677","nedgellerf@omniture.com"
17,"Alistair","Schade","680-889-9746","aschadeg@census.gov"
18,"Giacinta","Moss","531-289-1082","gmossh@ifeng.com"
19,"Aloise","Kingswell","201-318-2764","akingswelli@globo.com"
20,"Laure","Duester","528-410-4274","lduesterj@dyndns.org"
21,"Theresa","Frankcomb","212-318-1185","tfrankcombk@skyrock.com"
22,"Gauthier","Abbets","640-525-4942","gabbetsl@nature.com"
23,"Joelle","China","313-758-2368","jchinam@bloglovin.com"
24,"Arabela","Dowsey","824-331-9115","adowseyn@nytimes.com"
25,"Cyndy","Raison","847-367-6207","craisono@nasa.gov"
26,"Winnah","Seger","894-409-7796","wsegerp@illinois.edu"
27,"Hubert","Scothorne","899-800-5146","hscothorneq@goo.ne.jp"
28,"Carlina","Maruska","630-210-3689","cmaruskar@ebay.co.uk"
29,"Dev","Haygreen","602-638-6421","dhaygreens@accuweather.com"
30,"Ally","Seiter","663-797-4404","aseitert@topsy.com"
31,"Shay","Heigho","979-406-5051","sheighou@freewebs.com"
32,"Colline","Bendell","881-543-4406","cbendellv@livejournal.com"
33,"Marlie","Durdle","146-260-6682","mdurdlew@ezinearticles.com"
34,"Elsbeth","Mugford","264-301-3319","emugfordx@uol.com.br"
35,"Flori","Grimsdyke","608-293-9343","fgrimsdykey@i2i.jp"
36,"Britney","Larne","900-483-8635","blarnez@jiathis.com"
37,"Kipp","Laying","595-637-4735","klaying10@rambler.ru"
38,"Cornall","Handslip","840-662-7138","chandslip11@dropbox.com"
39,"Friedrick","Gilkison","548-918-4985","fgilkison12@yellowbook.com"
40,"Leandra","Newbury","591-450-1871","lnewbury13@tmall.com"
41,"Leigh","Palek","910-950-2057","lpalek14@histats.com"
42,"Julie","Olliver","306-661-0289","jolliver15@foxnews.com"
43,"Bennie","Diment","711-857-9839","bdiment16@slideshare.net"
44,"Gaye","Rossey","208-670-8884","grossey17@arstechnica.com"
45,"Bearnard","Mithan","793-151-1908","bmithan18@free.fr"
46,"Corie","Shuxsmith","281-455-6746","cshuxsmith19@usatoday.com"
47,"Adoree","Troker","296-326-4864","atroker1a@dedecms.com"
48,"Arel","Thebe","920-541-6048","athebe1b@ezinearticles.com"
49,"Codie","Grafton","921-716-6805","cgrafton1c@archive.org"
50,"Ruprecht","Gilffilland","937-417-7673","rgilffilland1d@fema.gov"
51,"Kristin","Alexandrescu","521-569-3587","kalexandrescu1e@bloglovin.com"
52,"Annmaria","Mullenger","766-543-0288","amullenger1f@diigo.com"
53,"Gabbi","M'Chirrie","401-883-9289","gmchirrie1g@buzzfeed.com"
54,"Jess","Frankcombe","571-263-3832","jfrankcombe1h@cornell.edu"
55,"Kiley","Rosin","581-931-2812","krosin1i@upenn.edu"
56,"Filbert","Osgerby","503-802-2639","fosgerby1j@alibaba.com"
57,"Cyril","Neville","668-791-6617","cneville1k@toplist.cz"
58,"Terri","Mariner","539-775-6989","tmariner1l@sun.com"
59,"Gan","Humes","874-808-9449","ghumes1m@nps.gov"
60,"Rosette","Thunder","463-432-2608","rthunder1n@icio.us"
61,"Will","Bruckental","432-597-6073","wbruckental1o@wordpress.org"
62,"Dag","Shoute","866-294-9867","dshoute1p@europa.eu"
63,"Lonny","Galfour","778-692-7545","lgalfour1q@people.com.cn"
64,"Cariotta","Bees","787-848-4214","cbees1r@ca.gov"
65,"Clem","Logsdail","897-592-1111","clogsdail1s@cisco.com"
66,"Gabriell","Strainge","660-170-6690","gstrainge1t@canalblog.com"
67,"Barny","Nann","979-206-0565","bnann1u@live.com"
68,"Nanice","Althorpe","992-158-1332","nalthorpe1v@ustream.tv"
69,"Latashia","Whitely","246-527-1001","lwhitely1w@techcrunch.com"
70,"Kathryne","Stellin","542-910-5012","kstellin1x@nps.gov"
71,"Ernst","Eyckelberg","814-754-2690","eeyckelberg1y@addthis.com"
72,"Bren","Skule","152-504-3179","bskule1z@so-net.ne.jp"
73,"Cheri","Itter","710-240-1557","citter20@zdnet.com"
74,"Lammond","Hamley","226-896-6020","lhamley21@tinypic.com"
75,"Nedda","Pirnie","873-194-1771","npirnie22@jimdo.com"
76,"Jenifer","Tolomei","573-931-2292","jtolomei23@nyu.edu"
77,"Lucien","Montacute","331-384-7751","lmontacute24@nydailynews.com"
78,"Barry","Aggio","748-995-5298","baggio25@ocn.ne.jp"
79,"Hermann","Malcolmson","125-748-5626","hmalcolmson26@moonfruit.com"
80,"Delora","Breeton","205-303-6718","dbreeton27@wisc.edu"
81,"Connor","Minchin","515-283-1739","cminchin28@usda.gov"
82,"Abel","Pragnall","886-388-5311","apragnall29@japanpost.jp"
83,"Graehme","Merwe","921-190-5647","gmerwe2a@yellowbook.com"
84,"Lyell","Brownsall","711-580-2915","lbrownsall2b@yandex.ru"
85,"Leonidas","Woolner","643-400-0578","lwoolner2c@cpanel.net"
86,"Wallace","Pennicott","783-739-3767","wpennicott2d@sun.com"
87,"Bibbie","Brosius","144-103-4338","bbrosius2e@clickbank.net"
88,"Aindrea","Crennan","275-535-1265","acrennan2f@hc360.com"
89,"Myles","Spraging","865-967-6826","mspraging2g@naver.com"
90,"Twyla","De Moreno","132-976-6019","tdemoreno2h@sfgate.com"
91,"Timofei","Robertacci","658-572-7151","trobertacci2i@smugmug.com"
92,"West","Dunphy","853-623-3533","wdunphy2j@instagram.com"
93,"Floyd","Farnish","298-968-1144","ffarnish2k@sogou.com"
94,"Audrie","Ruilton","974-364-2576","aruilton2l@google.co.jp"
95,"Howey","Rawson","548-399-9144","hrawson2m@theglobeandmail.com"
96,"Laird","Dugald","387-887-2623","ldugald2n@diigo.com"
97,"Winny","Reilly","205-932-4099","wreilly2o@slate.com"
98,"Averell","Galliard","732-709-3362","agalliard2p@umich.edu"
99,"Dru","Casperri","705-973-4785","dcasperri2q@google.ca"
100,"Jaimie","Keal","941-764-9104","jkeal2r@github.io"
101,"Nollie","Plumstead","616-698-3427","nplumstead2s@ycombinator.com"
102,"Andrus","Caccavale","139-852-8913","acaccavale2t@photobucket.com"
103,"Nola","Yannoni","761-146-4050","nyannoni2u@amazon.co.uk"
104,"Carmen","Jeannaud","976-581-9582","cjeannaud2v@ow.ly"
105,"Arnold","Thripp","591-798-7256","athripp2w@businessweek.com"
106,"Stacee","Kefford","593-597-6688","skefford2x@boston.com"
107,"Bertine","Gladtbach","976-991-2514","bgladtbach2y@cbslocal.com"
108,"Morley","Sollowaye","298-900-1986","msollowaye2z@tuttocitta.it"
109,"Marguerite","Kubek","950-250-5735","mkubek30@51.la"
110,"Adrianna","De Goey","103-705-1614","adegoey31@nyu.edu"
111,"Rex","Sherborne","902-817-7945","rsherborne32@timesonline.co.uk"
112,"Harry","MacGown","160-954-0753","hmacgown33@hc360.com"
113,"Marne","Theuff","769-314-6320","mtheuff34@woothemes.com"
114,"Candis","Rockcliff","338-725-8038","crockcliff35@omniture.com"
115,"Dolores","Blaydon","518-307-5364","dblaydon36@mediafire.com"
116,"Floyd","Dealey","653-605-0214","fdealey37@a8.net"
117,"Reinhard","Miller","748-393-1886","rmiller38@intel.com"
118,"Ransom","Sommerville","710-537-4824","rsommerville39@seattletimes.com"
119,"Kaile","Halstead","378-839-6850","khalstead3a@shareasale.com"
120,"Corrie","Bysh","752-490-4936","cbysh3b@hatena.ne.jp"
121,"Egon","Coath","178-711-9532","ecoath3c@mozilla.org"
122,"Mireielle","Perrycost","655-279-8364","mperrycost3d@google.com"
123,"Hartley","Filby","322-415-8526","hfilby3e@newyorker.com"
124,"Anjela","Yarnall","330-123-1977","ayarnall3f@desdev.cn"
125,"Madelaine","Mumm","254-808-3336","mmumm3g@wired.com"
126,"Randolf","Borgars","719-836-6484","rborgars3h@europa.eu"
127,"Carlye","Coulson","497-379-7988","ccoulson3i@nba.com"
128,"Phoebe","Stangroom","490-297-6594","pstangroom3j@myspace.com"
129,"Norri","Jenkyn","345-917-0618","njenkyn3k@digg.com"
130,"Mychal","Tabourin","884-210-9253","mtabourin3l@hhs.gov"
131,"Vasili","Carbery","144-395-7843","vcarbery3m@livejournal.com"
132,"Nolana","Foystone","330-534-1787","nfoystone3n@hud.gov"
133,"Christi","Esland","140-875-6160","cesland3o@eventbrite.com"
134,"Thatch","Soares","147-477-5416","tsoares3p@about.com"
135,"Larry","Sherrott","194-889-3189","lsherrott3q@admin.ch"
136,"Kayle","Sisselot","799-567-1348","ksisselot3r@economist.com"
137,"Murry","Amiss","562-547-9359","mamiss3s@artisteer.com"
138,"Miranda","Meysham","349-997-7059","mmeysham3t@cbc.ca"
139,"Bellanca","Stickells","864-259-1705","bstickells3u@bigcartel.com"
140,"Brock","Broomer","110-901-2423","bbroomer3v@yolasite.com"
141,"Corella","MacCartan","739-363-2337","cmaccartan3w@npr.org"
142,"Madelyn","Anthiftle","666-245-2741","manthiftle3x@nps.gov"
143,"Ganny","Jacombs","541-626-5187","gjacombs3y@cmu.edu"
144,"Tarrah","Rodie","293-530-7538","trodie3z@pbs.org"
145,"Sabra","Greensall","398-165-6837","sgreensall40@miitbeian.gov.cn"
146,"Sile","Brahan","938-200-1860","sbrahan41@shinystat.com"
147,"Kipp","Clingan","569-217-6557","kclingan42@twitter.com"
148,"William","Dennitts","460-693-9862","wdennitts43@imgur.com"
149,"Cassie","McComish","168-215-2626","cmccomish44@google.nl"
150,"Maximilianus","Selesnick","969-474-3737","mselesnick45@tinypic.com"
151,"Inge","Marcombe","638-838-5776","imarcombe46@weibo.com"
152,"Neale","Bullerwell","131-664-3022","nbullerwell47@dot.gov"
153,"Rosabella","Filippov","517-737-2184","rfilippov48@csmonitor.com"
154,"Elisabet","Dach","474-616-6422","edach49@rambler.ru"
155,"Bary","Bream","227-476-8018","bbream4a@hc360.com"
156,"Angelita","Givens","185-760-7010","agivens4b@t.co"
157,"Carmine","Orwin","246-689-3719","corwin4c@elegantthemes.com"
158,"Lidia","Bellson","679-321-3808","lbellson4d@reddit.com"
159,"Read","Tunno","888-254-9857","rtunno4e@google.com"
160,"Carmon","Friman","671-370-4355","cfriman4f@cmu.edu"
161,"Dael","Knee","384-596-9871","dknee4g@state.gov"
162,"Alexa","Sambedge","564-756-6603","asambedge4h@kickstarter.com"
163,"Willette","Robbel","963-779-5355","wrobbel4i@redcross.org"
164,"Maribeth","Ritchard","365-838-8329","mritchard4j@cbslocal.com"
165,"Elysee","Longstreet","760-394-9878","elongstreet4k@elpais.com"
166,"Geoff","Eyree","171-162-4475","geyree4l@istockphoto.com"
167,"Freedman","Wornum","482-393-9717","fwornum4m@com.com"
168,"Meghann","Lefley","438-751-0718","mlefley4n@google.nl"
169,"Sonny","Gorcke","812-423-6724","sgorcke4o@macromedia.com"
170,"Adriana","Trusler","298-415-9694","atrusler4p@amazon.co.jp"
171,"Jenny","Camilio","245-510-1084","jcamilio4q@umich.edu"
172,"Evangelin","Frankum","812-489-0157","efrankum4r@mail.ru"
173,"Gage","Wolfers","492-566-0655","gwolfers4s@uol.com.br"
174,"Elspeth","Shallcroff","954-610-7124","eshallcroff4t@wordpress.org"
175,"Jard","Neem","940-346-8307","jneem4u@wunderground.com"
176,"Ches","Koche","939-538-2402","ckoche4v@harvard.edu"
177,"Gregoire","Hare","832-839-6388","ghare4w@twitpic.com"
178,"Rurik","Gillibrand","520-360-9109","rgillibrand4x@abc.net.au"
179,"Rollie","Pearcehouse","805-117-7335","rpearcehouse4y@csmonitor.com"
180,"Lucinda","Ochiltree","722-674-4407","lochiltree4z@slashdot.org"
181,"Ronald","Conklin","299-883-4455","rconklin50@chicagotribune.com"
182,"Harcourt","MacKay","103-584-2742","hmackay51@tumblr.com"
183,"Udell","Fasson","803-327-8754","ufasson52@dropbox.com"
184,"Marthena","Meace","990-447-9976","mmeace53@army.mil"
185,"Claretta","Davidman","895-329-9051","cdavidman54@vimeo.com"
186,"Melina","Houlridge","354-405-4254","mhoulridge55@sfgate.com"
187,"Sharl","Giddens","493-284-0887","sgiddens56@baidu.com"
188,"Evangelia","Andresen","764-195-8226","eandresen57@baidu.com"
189,"Emalee","Lummasana","780-186-0684","elummasana58@hhs.gov"
190,"Any","Syme","760-927-6199","asyme59@examiner.com"
191,"Tedi","Haukey","377-636-4568","thaukey5a@forbes.com"
192,"Emmalyn","Daventry","176-915-4319","edaventry5b@blogtalkradio.com"
193,"Phedra","Kurdani","807-832-6241","pkurdani5c@diigo.com"
194,"Der","Gowanson","276-382-2318","dgowanson5d@wufoo.com"
195,"Lefty","Drust","808-413-0465","ldrust5e@biblegateway.com"
196,"Alanson","Fiddymont","543-694-4952","afiddymont5f@foxnews.com"
197,"Myriam","Gravells","546-277-3347","mgravells5g@deliciousdays.com"
198,"Kari","Coram","267-396-2853","kcoram5h@oracle.com"
199,"Hakim","Thorby","210-503-3185","hthorby5i@blogspot.com"
200,"Bobbie","Hollingsbee","584-434-2483","bhollingsbee5j@ask.com"
201,"Ibrahim","Dumbare","161-425-0672","idumbare5k@accuweather.com"
202,"Stevie","Vassman","742-264-9788","svassman5l@sciencedirect.com"
203,"Lambert","Hans","440-214-9212","lhans5m@berkeley.edu"
204,"Roddie","Watkiss","277-675-1025","rwatkiss5n@webmd.com"
205,"Shara","Truswell","713-160-7130","struswell5o@storify.com"
206,"Adria","Gianninotti","885-352-1643","agianninotti5p@prnewswire.com"
207,"Bendix","Matovic","565-497-5558","bmatovic5q@upenn.edu"
208,"Ezmeralda","Coggles","882-915-9237","ecoggles5r@quantcast.com"
209,"Cointon","Roser","726-553-8376","croser5s@sciencedaily.com"
210,"Dolley","Joss","532-584-0311","djoss5t@google.de"
211,"Claiborn","Mannion","786-185-2871","cmannion5u@cnet.com"
212,"Sheilah","Beamand","952-746-0182","sbeamand5v@deviantart.com"
213,"Hastings","Scotland","911-796-6859","hscotland5w@free.fr"
214,"Brianne","Eneas","791-970-8028","beneas5x@kickstarter.com"
215,"Torrence","Scatcher","409-682-6740","tscatcher5y@tmall.com"
216,"Carolan","Rushforth","441-864-4641","crushforth5z@blog.com"
217,"Etienne","Pitrelli","173-809-0457","epitrelli60@nytimes.com"
218,"Chadd","Hargreaves","989-675-4854","chargreaves61@fda.gov"
219,"Jeannine","Trenchard","552-646-1557","jtrenchard62@census.gov"
220,"Sandy","Petlyura","415-147-2308","spetlyura63@sfgate.com"
221,"Sunny","Pile","779-263-4522","spile64@time.com"
222,"Sigismundo","Blacket","251-657-8389","sblacket65@tamu.edu"
223,"Jennette","Spuffard","142-117-3928","jspuffard66@gravatar.com"
224,"Dael","Siggin","267-791-1320","dsiggin67@taobao.com"
225,"Garold","Silber","410-717-1009","gsilber68@google.co.jp"
226,"Harland","Yves","824-978-7170","hyves69@plala.or.jp"
227,"Zola","Hebdon","909-428-8352","zhebdon6a@japanpost.jp"
228,"Guendolen","Dowson","991-862-8575","gdowson6b@wiley.com"
229,"Seymour","Kivelle","308-986-2023","skivelle6c@google.com.hk"
230,"Matthus","Shailer","671-712-1503","mshailer6d@rakuten.co.jp"
231,"Antons","Ivain","860-852-0933","aivain6e@arizona.edu"
232,"Kelci","Sowthcote","876-785-9217","ksowthcote6f@howstuffworks.com"
233,"Boony","Coton","696-611-8438","bcoton6g@ftc.gov"
234,"Hermy","Yerrington","233-249-2932","hyerrington6h@marriott.com"
235,"Tibold","Leedal","393-150-8042","tleedal6i@nhs.uk"
236,"Tine","Vasechkin","468-227-6680","tvasechkin6j@livejournal.com"
237,"Koral","Oddboy","739-685-7526","koddboy6k@nydailynews.com"
238,"Dalt","Denekamp","677-167-5282","ddenekamp6l@cam.ac.uk"
239,"Minny","Halwood","368-850-2223","mhalwood6m@prweb.com"
240,"Clemens","Brosch","550-554-5733","cbrosch6n@constantcontact.com"
241,"Amelia","Holbie","776-977-5426","aholbie6o@adobe.com"
242,"Lorilee","Deeson","892-700-1517","ldeeson6p@cyberchimps.com"
243,"Victoir","Tollmache","935-664-2576","vtollmache6q@sphinn.com"
244,"Lona","Jenney","154-373-4284","ljenney6r@google.com.hk"
245,"Katheryn","Larrat","706-219-9052","klarrat6s@theglobeandmail.com"
246,"Gaynor","Chagg","123-773-8084","gchagg6t@wiley.com"
247,"Auguste","Morrice","438-111-4981","amorrice6u@yandex.ru"
248,"Shara","Tutchell","947-312-7482","stutchell6v@4shared.com"
249,"Ragnar","Bowes","618-961-5782","rbowes6w@twitpic.com"
250,"Meier","Baytrop","996-985-0543","mbaytrop6x@bbc.co.uk"
251,"Maddy","Downton","259-202-0435","mdownton6y@twitpic.com"
252,"Keene","Pleven","683-271-6321","kpleven6z@typepad.com"
253,"Dasha","Alliston","931-886-0695","dalliston70@census.gov"
254,"Lonni","McKeurton","267-496-3277","lmckeurton71@google.pl"
255,"Lida","Beaves","739-650-0577","lbeaves72@yellowpages.com"
256,"Chic","Williscroft","203-201-7596","cwilliscroft73@china.com.cn"
257,"Dolph","Corgenvin","927-819-6700","dcorgenvin74@soup.io"
258,"Danella","Bidnall","812-782-8985","dbidnall75@uiuc.edu"
259,"Eartha","Swindall","608-571-5117","eswindall76@webmd.com"
260,"Darcee","Sherewood","629-800-1872","dsherewood77@de.vu"
261,"Malena","Hynson","510-502-7675","mhynson78@quantcast.com"
262,"Teodoor","Macro","450-368-7305","tmacro79@bloglovin.com"
263,"Gavrielle","Fenn","374-286-6999","gfenn7a@ocn.ne.jp"
264,"Eleanora","Smythe","588-200-6343","esmythe7b@house.gov"
265,"Chery","Waldera","586-583-2005","cwaldera7c@sciencedirect.com"
266,"Rowe","Rhubottom","878-612-9862","rrhubottom7d@time.com"
267,"Willa","Brik","251-708-4506","wbrik7e@vk.com"
268,"Tome","Staniland","536-220-6164","tstaniland7f@unesco.org"
269,"Alexander","Corley","486-713-1997","acorley7g@uol.com.br"
270,"Fiann","Chuney","598-948-8788","fchuney7h@ifeng.com"
271,"Marianna","Ivankov","568-573-3376","mivankov7i@jimdo.com"
272,"Cosme","Kordova","873-793-2467","ckordova7j@google.de"
273,"Umberto","Pauletto","422-607-3274","upauletto7k@ebay.co.uk"
274,"Lutero","Pocock","520-965-8858","lpocock7l@chron.com"
275,"Minda","Rogger","735-787-8266","mrogger7m@intel.com"
276,"Tish","McGeechan","335-524-8721","tmcgeechan7n@slate.com"
277,"Coriss","Chaim","706-913-0475","cchaim7o@thetimes.co.uk"
278,"Douglass","Halson","606-957-9355","dhalson7p@moonfruit.com"
279,"Loleta","Mattek","905-853-3624","lmattek7q@telegraph.co.uk"
280,"Rozanna","Kelf","718-585-2705","rkelf7r@reverbnation.com"
281,"Helyn","McCoole","834-324-4248","hmccoole7s@about.me"
282,"Dun","Bickerton","746-374-2556","dbickerton7t@phoca.cz"
283,"Fabiano","Kief","367-929-0859","fkief7u@wisc.edu"
284,"Trudie","Papen","723-397-4392","tpapen7v@microsoft.com"
285,"Thomasin","Colquitt","140-156-4878","tcolquitt7w@seesaa.net"
286,"Meggi","Laird","670-849-7476","mlaird7x@macromedia.com"
287,"Lanni","Burley","860-976-5156","lburley7y@pbs.org"
288,"Belva","Hilary","470-940-5081","bhilary7z@usa.gov"
289,"Lorianna","Hillan","338-570-1887","lhillan80@google.co.jp"
290,"Merrill","Taberer","811-701-4424","mtaberer81@craigslist.org"
291,"Onofredo","Gapp","389-837-9154","ogapp82@cloudflare.com"
292,"Dicky","Pieper","904-568-0029","dpieper83@smugmug.com"
293,"Kelley","O'Kane","303-378-5524","kokane84@examiner.com"
294,"Brewer","Balmadier","568-459-9178","bbalmadier85@typepad.com"
295,"Wald","Massel","696-643-1997","wmassel86@ebay.com"
296,"Randolf","Bellocht","495-202-6063","rbellocht87@mozilla.org"
297,"Derrek","Farnan","207-758-0041","dfarnan88@theguardian.com"
298,"Niki","Campany","878-973-1269","ncampany89@nps.gov"
299,"Tad","Kissell","155-390-8205","tkissell8a@dagondesign.com"
300,"Rakel","Cathersides","531-543-8950","rcathersides8b@people.com.cn"
301,"Edgard","Davydenko","506-126-0547","edavydenko8c@homestead.com"
302,"Tadeo","Bartrop","453-412-6037","tbartrop8d@jalbum.net"
303,"Kayle","Jellybrand","654-446-7955","kjellybrand8e@w3.org"
304,"Peter","Deniscke","675-749-4756","pdeniscke8f@digg.com"
305,"Dorena","Shrubshall","302-687-7253","dshrubshall8g@stumbleupon.com"
306,"Mauricio","Spurier","535-605-6000","mspurier8h@topsy.com"
307,"Nikaniki","Rentilll","839-171-5569","nrentilll8i@ox.ac.uk"
308,"Adam","Roffe","796-636-9256","aroffe8j@people.com.cn"
309,"Marve","Rutherfoord","340-679-1610","mrutherfoord8k@ucla.edu"
310,"Johannes","MacDermid","979-732-3221","jmacdermid8l@geocities.jp"
311,"Worthington","Edward","749-605-6031","wedward8m@admin.ch"
312,"Gisela","Markie","207-546-7177","gmarkie8n@blinklist.com"
313,"Hale","Karel","226-588-2172","hkarel8o@t.co"
314,"Jemmy","Martino","655-781-7287","jmartino8p@cnbc.com"
315,"Forbes","Harvard","482-631-5271","fharvard8q@shutterfly.com"
316,"Guido","Janikowski","447-304-6836","gjanikowski8r@google.com.au"
317,"Flo","Camocke","400-452-2685","fcamocke8s@loc.gov"
318,"Brandtr","Giamuzzo","676-945-9678","bgiamuzzo8t@dot.gov"
319,"Emmalee","Thorlby","213-638-9256","ethorlby8u@amazonaws.com"
320,"Edna","Gronow","362-690-1461","egronow8v@patch.com"
321,"Helga","Quinell","475-923-0424","hquinell8w@alibaba.com"
322,"Lance","Pesik","654-896-9012","lpesik8x@storify.com"
323,"Ambrose","Cubuzzi","347-921-7038","acubuzzi8y@google.fr"
324,"Laurie","Foy","822-212-2008","lfoy8z@ezinearticles.com"
325,"Rozalie","Garrett","821-506-9156","rgarrett90@macromedia.com"
326,"Isahella","Rubinsohn","975-565-1331","irubinsohn91@dropbox.com"
327,"Celina","Checketts","563-354-6965","cchecketts92@smugmug.com"
328,"Codie","Cheek","241-775-8322","ccheek93@typepad.com"
329,"Quinton","Whardley","847-841-0989","qwhardley94@aol.com"
330,"Lucian","Sharpin","870-382-4334","lsharpin95@cocolog-nifty.com"
331,"Cicely","Glaves","614-782-4251","cglaves96@github.io"
332,"Meredeth","Gasson","671-723-7367","mgasson97@rambler.ru"
333,"Eleonore","Loins","837-950-0896","eloins98@printfriendly.com"
334,"Phillipe","Radsdale","636-155-6638","pradsdale99@npr.org"
335,"Madalyn","Kerfut","179-936-5182","mkerfut9a@ovh.net"
336,"Katherine","Tregona","511-332-0115","ktregona9b@apple.com"
337,"Teodoro","Gayforth","866-585-7709","tgayforth9c@newyorker.com"
338,"Brinna","Choppen","171-599-1683","bchoppen9d@telegraph.co.uk"
339,"Phebe","Swinford","140-416-6825","pswinford9e@flickr.com"
340,"Christa","De Matteis","308-813-7286","cdematteis9f@usnews.com"
341,"Dorena","Rabley","941-833-8923","drabley9g@ca.gov"
342,"Nerte","Fripp","710-757-0215","nfripp9h@shinystat.com"
343,"Guglielmo","Woollons","236-103-8429","gwoollons9i@paypal.com"
344,"Gerik","McKeever","304-911-5293","gmckeever9j@hao123.com"
345,"Kelley","Errington","881-843-9247","kerrington9k@domainmarket.com"
346,"Tonye","Carpenter","413-316-1159","tcarpenter9l@umich.edu"
347,"Carlina","McBoyle","891-506-5519","cmcboyle9m@purevolume.com"
348,"Howey","Tongue","137-704-0220","htongue9n@newsvine.com"
349,"Jourdain","MacLure","239-283-0040","jmaclure9o@paypal.com"
350,"Corrianne","Rollason","706-238-5503","crollason9p@1und1.de"
351,"Manny","Eeles","407-689-4937","meeles9q@nba.com"
352,"Dewitt","Brearty","474-923-6832","dbrearty9r@google.pl"
353,"Peirce","Szantho","868-672-9381","pszantho9s@utexas.edu"
354,"Alli","Dytham","719-310-4602","adytham9t@google.pl"
355,"Iorgos","Bertson","487-999-3966","ibertson9u@baidu.com"
356,"Fancie","Leates","227-834-5443","fleates9v@youtube.com"
357,"Christoph","Giamitti","408-192-5718","cgiamitti9w@foxnews.com"
358,"Iggie","Audsley","282-263-7744","iaudsley9x@hostgator.com"
359,"Hervey","Toma","346-989-7692","htoma9y@parallels.com"
360,"Dannie","McGrey","684-603-4300","dmcgrey9z@vimeo.com"
361,"Krisha","Purkess","101-567-6387","kpurkessa0@spotify.com"
362,"Carleen","Hanselmann","395-420-1003","chanselmanna1@taobao.com"
363,"Angelina","MacKibbon","202-850-1359","amackibbona2@ihg.com"
364,"Jo","Hitzschke","356-770-8910","jhitzschkea3@sourceforge.net"
365,"Rosella","Evins","426-950-7779","revinsa4@illinois.edu"
366,"Theo","Comoletti","954-962-4380","tcomolettia5@ftc.gov"
367,"Thornton","Josilevich","179-757-6418","tjosilevicha6@typepad.com"
368,"Ami","Hotson","750-120-1339","ahotsona7@irs.gov"
369,"Carley","Colthard","384-790-8431","ccoltharda8@symantec.com"
370,"Clair","Fells","512-237-7166","cfellsa9@usda.gov"
371,"Obadiah","Coventon","264-836-2845","ocoventonaa@amazon.co.jp"
372,"Gae","Woolaghan","253-421-0158","gwoolaghanab@goo.gl"
373,"Brenna","Judgkins","283-862-7902","bjudgkinsac@dagondesign.com"
374,"Creighton","Christy","352-905-7667","cchristyad@spiegel.de"
375,"Boot","Tinghill","450-587-4320","btinghillae@jiathis.com"
376,"El","Cockney","459-228-5880","ecockneyaf@facebook.com"
377,"Flora","Dealey","895-412-1845","fdealeyag@last.fm"
378,"Cathrine","Steadman","369-275-9522","csteadmanah@aboutads.info"
379,"Marillin","Kitchingman","746-267-7883","mkitchingmanai@oaic.gov.au"
380,"Blithe","Rice","611-820-3170","briceaj@amazon.co.uk"
381,"Heall","MacIntosh","300-760-3134","hmacintoshak@vistaprint.com"
382,"Kerstin","Shawel","429-171-9310","kshawelal@networksolutions.com"
383,"Debby","Wilbraham","841-423-3299","dwilbrahamam@dagondesign.com"
384,"Richmond","Boshard","681-789-6748","rboshardan@hostgator.com"
385,"Talia","Jahnisch","606-542-1594","tjahnischao@nyu.edu"
386,"Joletta","Brash","943-222-5692","jbrashap@arstechnica.com"
387,"Israel","Wallenger","906-510-8560","iwallengeraq@cocolog-nifty.com"
388,"Harv","Crutchfield","629-536-8357","hcrutchfieldar@google.ru"
389,"Elna","McTrusty","744-881-4213","emctrustyas@intel.com"
390,"Elenore","Fernier","589-780-5507","efernierat@smh.com.au"
391,"Sancho","Annatt","171-318-9656","sannattau@github.com"
392,"Muire","Kimmitt","474-699-2672","mkimmittav@cbslocal.com"
393,"Denys","Caldeyroux","851-360-1971","dcaldeyrouxaw@wix.com"
394,"Hussein","Ridewood","394-550-8142","hridewoodax@linkedin.com"
395,"Rory","Harrigan","854-198-1493","rharriganay@last.fm"
396,"Nannie","Bromont","515-267-3600","nbromontaz@foxnews.com"
397,"Bale","Tomaselli","282-844-8137","btomasellib0@myspace.com"
398,"Arlinda","Romagnosi","558-200-6401","aromagnosib1@yelp.com"
399,"Clem","Carlon","485-597-3973","ccarlonb2@newsvine.com"
400,"Tedd","Masdon","163-832-7735","tmasdonb3@netvibes.com"
401,"Lolita","Manach","916-962-2040","lmanachb4@privacy.gov.au"
402,"Cleon","Tackell","314-649-0061","ctackellb5@wikimedia.org"
403,"Sofie","Durnall","330-498-4523","sdurnallb6@virginia.edu"
404,"Ezmeralda","Tavener","572-772-5945","etavenerb7@com.com"
405,"Artie","Walkey","101-766-4738","awalkeyb8@upenn.edu"
406,"Sandy","Kneeland","231-202-1304","skneelandb9@infoseek.co.jp"
407,"Pembroke","McGlaud","190-188-9752","pmcglaudba@mapy.cz"
408,"Sarine","Clipsham","548-322-1269","sclipshambb@domainmarket.com"
409,"Gilberte","Anyene","145-151-5882","ganyenebc@bravesites.com"
410,"Paige","Pigne","154-587-4648","ppignebd@nifty.com"
411,"Brana","Drewson","317-928-3659","bdrewsonbe@umn.edu"
412,"Sophi","Easterbrook","194-648-5496","seasterbrookbf@angelfire.com"
413,"Romona","Rentilll","883-335-5984","rrentilllbg@ask.com"
414,"Meghan","Bachs","275-424-7996","mbachsbh@nationalgeographic.com"
415,"Tabbitha","Sharnock","770-498-1688","tsharnockbi@yale.edu"
416,"Laryssa","Martinho","695-783-6693","lmartinhobj@dmoz.org"
417,"Leroi","Colbertson","990-166-0884","lcolbertsonbk@topsy.com"
418,"Valencia","Crocken","490-890-2748","vcrockenbl@scientificamerican.com"
419,"Rochell","Pattie","779-839-5718","rpattiebm@ucla.edu"
420,"Elvis","Royl","829-712-0443","eroylbn@github.com"
421,"Gwendolyn","Faltskog","467-321-7891","gfaltskogbo@yolasite.com"
422,"Jackie","Overstall","109-315-4555","joverstallbp@1688.com"
423,"Vince","Beausang","749-524-6104","vbeausangbq@altervista.org"
424,"Susette","Wilcot","347-308-1509","swilcotbr@blogtalkradio.com"
425,"Sarina","Antuoni","742-432-4026","santuonibs@springer.com"
426,"Marji","Meakes","499-657-9481","mmeakesbt@jiathis.com"
427,"Maryjane","Lavell","829-654-2676","mlavellbu@macromedia.com"
428,"Berton","Videan","739-405-6909","bvideanbv@infoseek.co.jp"
429,"Stephanie","Jiles","814-465-2992","sjilesbw@cargocollective.com"
430,"Gwenora","Burgwyn","810-626-8625","gburgwynbx@phpbb.com"
431,"Glenna","Martynka","892-985-3848","gmartynkaby@homestead.com"
432,"Valle","Gonthier","270-465-6019","vgonthierbz@hugedomains.com"
433,"Sheppard","Jobes","681-188-4721","sjobesc0@miibeian.gov.cn"
434,"Marylinda","Ayshford","755-975-2153","mayshfordc1@booking.com"
435,"Brynn","Bayford","186-639-4875","bbayfordc2@mtv.com"
436,"Lyndsay","Ferrulli","314-851-5316","lferrullic3@apache.org"
437,"Olive","Cammacke","819-110-6120","ocammackec4@dmoz.org"
438,"Rusty","Eves","716-832-4161","revesc5@networksolutions.com"
439,"Nevsa","Greenshields","222-178-5669","ngreenshieldsc6@cam.ac.uk"
440,"Netta","Tickner","993-434-5500","nticknerc7@reference.com"
441,"Evvie","Pitceathly","620-392-2144","epitceathlyc8@google.nl"
442,"Dominique","Claxton","115-611-9442","dclaxtonc9@goo.gl"
443,"Amanda","Brisard","301-351-9693","abrisardca@storify.com"
444,"Elsinore","Corington","212-389-6943","ecoringtoncb@bravesites.com"
445,"Nichole","Salzburger","311-506-7379","nsalzburgercc@hc360.com"
446,"Devonna","Gwilliams","816-285-4578","dgwilliamscd@gov.uk"
447,"Derrek","Domokos","113-174-5994","ddomokosce@netscape.com"
448,"Gaelan","Dudley","420-455-4786","gdudleycf@engadget.com"
449,"Gawain","Palay","250-300-8121","gpalaycg@eepurl.com"
450,"Eduino","Newlove","574-224-0161","enewlovech@walmart.com"
451,"Reginald","Annion","479-193-1105","rannionci@chicagotribune.com"
452,"Thacher","Bather","735-778-4961","tbathercj@weather.com"
453,"Lenora","Lavis","493-870-1701","llavisck@mayoclinic.com"
454,"Sylvan","Millington","401-908-2713","smillingtoncl@ask.com"
455,"Wenonah","Cheer","681-695-3559","wcheercm@etsy.com"
456,"Amil","Slograve","498-311-4161","aslogravecn@mozilla.org"
457,"Farica","Alred","619-343-9529","falredco@google.com"
458,"Kassia","Torrans","854-915-9165","ktorranscp@123-reg.co.uk"
459,"Osbert","Lawrence","997-371-6222","olawrencecq@examiner.com"
460,"Hersh","Gierek","303-485-2874","hgierekcr@sciencedaily.com"
461,"Libbi","Bolden","553-511-6186","lboldencs@bloglovin.com"
462,"Geordie","Fleischer","846-770-1447","gfleischerct@wired.com"
463,"Leonidas","Killick","859-607-9779","lkillickcu@cafepress.com"
464,"Bartholomeus","Chesshire","110-947-3490","bchesshirecv@house.gov"
465,"Violet","Jayme","576-853-5504","vjaymecw@desdev.cn"
466,"Evelyn","Seckom","641-790-5033","eseckomcx@mashable.com"
467,"Granville","Starking","169-207-0922","gstarkingcy@skyrock.com"
468,"Krishna","Bicheno","178-438-7261","kbichenocz@sfgate.com"
469,"Adey","Staniland","577-331-6693","astanilandd0@berkeley.edu"
470,"Beniamino","Van Son","617-395-8013","bvansond1@drupal.org"
471,"Jon","Sket","643-278-0482","jsketd2@dropbox.com"
472,"Hall","Haquin","907-603-5913","hhaquind3@drupal.org"
473,"Martyn","Turk","306-956-9889","mturkd4@skyrock.com"
474,"Willi","Collier","905-334-5261","wcollierd5@multiply.com"
475,"Diahann","Harbar","853-908-7961","dharbard6@nih.gov"
476,"Skelly","Gossling","976-328-6303","sgosslingd7@clickbank.net"
477,"Belva","Gullberg","501-862-6216","bgullbergd8@princeton.edu"
478,"Byron","Betteridge","304-583-6983","bbetteridged9@sfgate.com"
479,"Rakel","Imlaw","478-127-6647","rimlawda@wikispaces.com"
480,"Erik","Hiscocks","341-536-3662","ehiscocksdb@freewebs.com"
481,"Maurice","Edgson","774-316-8791","medgsondc@bing.com"
482,"Jobina","Corbitt","398-833-7043","jcorbittdd@netvibes.com"
483,"Dyna","Fliege","476-425-4386","dfliegede@opensource.org"
484,"Rad","Abells","239-154-3140","rabellsdf@csmonitor.com"
485,"Pasquale","Bennion","751-781-6162","pbenniondg@ocn.ne.jp"
486,"Cate","Bolgar","195-133-6039","cbolgardh@edublogs.org"
487,"Karen","Gheraldi","214-839-6264","kgheraldidi@networksolutions.com"
488,"Jehanna","Girdwood","157-525-5975","jgirdwooddj@livejournal.com"
489,"Charleen","Dobbinson","389-613-0021","cdobbinsondk@auda.org.au"
490,"Tamarah","Gorger","512-571-8828","tgorgerdl@macromedia.com"
491,"Wait","Shaylor","699-146-5465","wshaylordm@sciencedirect.com"
492,"Elihu","Ivetts","879-641-3820","eivettsdn@shinystat.com"
493,"Petronia","Maddams","712-243-2228","pmaddamsdo@dropbox.com"
494,"Allan","Gripton","166-616-6319","agriptondp@sbwire.com"
495,"Alphonse","Pimlock","752-471-0667","apimlockdq@cisco.com"
496,"Rich","Markson","992-261-6930","rmarksondr@stumbleupon.com"
497,"Eugen","Kardos","725-401-6095","ekardosds@google.cn"
498,"Amalee","Gidney","227-631-8369","agidneydt@wiley.com"
499,"Marta","Knill","646-997-3318","mknilldu@shareasale.com"
500,"April","Scouse","688-503-9214","ascousedv@elegantthemes.com"
501,"Valenka","Hennemann","537-917-4231","vhennemanndw@sohu.com"
502,"Shepperd","Ciepluch","118-707-1534","sciepluchdx@harvard.edu"
503,"Elena","Saw","113-174-3770","esawdy@si.edu"
504,"Austine","Dosedale","558-342-0632","adosedaledz@netlog.com"
505,"Corette","Elion","614-862-9773","celione0@dion.ne.jp"
506,"Stefa","Shrubshall","180-237-5162","sshrubshalle1@shareasale.com"
507,"Vilhelmina","Olivier","605-621-6265","voliviere2@admin.ch"
508,"Dan","Fergie","640-810-4405","dfergiee3@plala.or.jp"
509,"Ronna","Giriardelli","446-277-7773","rgiriardellie4@mapy.cz"
510,"Dillon","Mugford","259-725-7895","dmugforde5@reverbnation.com"
511,"Adah","Cowdery","714-171-8692","acowderye6@usgs.gov"
512,"Paddy","Fippe","618-251-3316","pfippee7@omniture.com"
513,"Derk","Rivalant","327-111-6374","drivalante8@newyorker.com"
514,"Wheeler","Heenan","339-545-9850","wheenane9@accuweather.com"
515,"Jermaine","Beards","640-199-8220","jbeardsea@cargocollective.com"
516,"Sile","Gadd","602-833-2661","sgaddeb@google.it"
517,"Fredia","Gages","111-512-7776","fgagesec@businessweek.com"
518,"Nikolos","Bletsor","811-495-1863","nbletsored@reference.com"
519,"Brewster","Hegarty","202-873-5649","bhegartyee@gnu.org"
520,"Kerk","Smead","246-442-1761","ksmeadef@paginegialle.it"
521,"Jerrie","Saker","181-171-2971","jsakereg@nasa.gov"
522,"Caddric","Servis","744-199-8124","cserviseh@bloglovin.com"
523,"Starr","Tobin","543-732-8303","stobinei@mac.com"
524,"Aloisia","Cowlard","705-771-2336","acowlardej@scientificamerican.com"
525,"Emelen","Jurgen","592-540-0315","ejurgenek@vkontakte.ru"
526,"Ives","Denes","442-227-8608","idenesel@indiatimes.com"
527,"Shelden","Crebott","636-331-3611","screbottem@zdnet.com"
528,"Rufe","Cornbell","874-999-2336","rcornbellen@go.com"
529,"Natalina","Stapels","310-270-4371","nstapelseo@shareasale.com"
530,"Nettie","Crush","921-428-4266","ncrushep@example.com"
531,"Jereme","Boyne","714-559-3721","jboyneeq@cisco.com"
532,"Kristal","Marti","925-556-5019","kmartier@about.com"
533,"Dennie","Hassur","490-698-6151","dhassures@cpanel.net"
534,"Marjy","Molloy","548-139-1187","mmolloyet@fda.gov"
535,"Carlie","Ramsier","494-951-3270","cramsiereu@usatoday.com"
536,"Orlando","Getten","576-419-6950","ogettenev@state.tx.us"
537,"Amerigo","Mariotte","971-285-7657","amariotteew@cargocollective.com"
538,"Chantalle","Brewin","452-202-2971","cbrewinex@washington.edu"
539,"Linn","Lindenboim","710-415-2936","llindenboimey@ning.com"
540,"Nathalie","Najara","404-467-5367","nnajaraez@state.gov"
541,"Emilio","Trigwell","101-978-8497","etrigwellf0@chicagotribune.com"
542,"Abbey","Longstaff","974-256-4285","alongstafff1@japanpost.jp"
543,"Todd","Gwioneth","198-959-2974","tgwionethf2@wikia.com"
544,"Maure","Germon","774-183-5055","mgermonf3@ning.com"
545,"Susanetta","Fairhead","106-465-3153","sfairheadf4@wikipedia.org"
546,"Evan","McCourtie","596-613-2498","emccourtief5@ezinearticles.com"
547,"Berkly","Franschini","872-263-9749","bfranschinif6@businessinsider.com"
548,"Bree","Kitlee","912-740-7067","bkitleef7@4shared.com"
549,"Kennett","Gadie","765-151-0578","kgadief8@wsj.com"
550,"Gerick","Juszczyk","606-241-4766","gjuszczykf9@nsw.gov.au"
551,"Lise","Winney","164-987-4904","lwinneyfa@guardian.co.uk"
552,"Trace","Devenport","339-192-6482","tdevenportfb@deviantart.com"
553,"Eimile","Sandall","415-428-7799","esandallfc@reverbnation.com"
554,"Quent","Angier","534-109-8909","qangierfd@who.int"
555,"Page","Trainer","273-682-2034","ptrainerfe@earthlink.net"
556,"Alexandro","Tomczynski","563-994-9476","atomczynskiff@networksolutions.com"
557,"Shoshanna","Donaher","236-135-1810","sdonaherfg@imdb.com"
558,"Elvina","D'Acth","202-872-8037","edacthfh@themeforest.net"
559,"Melodee","Tesh","227-837-2286","mteshfi@friendfeed.com"
560,"Winona","Pinel","498-300-3609","wpinelfj@booking.com"
561,"Carlyn","Siburn","342-184-7275","csiburnfk@cpanel.net"
562,"Kean","Weatherburn","173-972-7918","kweatherburnfl@shutterfly.com"
563,"Baily","Springer","158-668-7482","bspringerfm@taobao.com"
564,"Farra","Nuzzetti","675-850-8657","fnuzzettifn@rambler.ru"
565,"Boris","Pugsley","300-914-6885","bpugsleyfo@blog.com"
566,"Romona","Ogilvy","223-681-7750","rogilvyfp@hostgator.com"
567,"Fitzgerald","Davall","382-643-9033","fdavallfq@hhs.gov"
568,"Kendra","Proswell","693-454-2996","kproswellfr@live.com"
569,"Mufi","Rowston","950-436-4590","mrowstonfs@ucla.edu"
570,"Nadean","Foakes","598-321-8486","nfoakesft@army.mil"
571,"Deny","Frensche","343-819-4633","dfrenschefu@delicious.com"
572,"Cherish","Windrus","434-771-0019","cwindrusfv@plala.or.jp"
573,"Alisha","Bonavia","848-242-1222","abonaviafw@accuweather.com"
574,"Townie","Harome","790-289-9751","tharomefx@liveinternet.ru"
575,"Ricardo","Trigg","546-299-3329","rtriggfy@google.com"
576,"Mead","Siddeley","590-604-8617","msiddeleyfz@vk.com"
577,"Tommy","Maddicks","244-122-5679","tmaddicksg0@shutterfly.com"
578,"Garrek","Krzysztof","630-731-2792","gkrzysztofg1@wikipedia.org"
579,"Winfred","Du Hamel","772-784-4983","wduhamelg2@abc.net.au"
580,"Patience","Antonovic","535-160-8908","pantonovicg3@github.com"
581,"Gwyn","Hattrick","396-740-3682","ghattrickg4@reverbnation.com"
582,"Jose","Fiennes","264-427-8634","jfiennesg5@yahoo.com"
583,"Melony","Orviss","777-569-6295","morvissg6@chicagotribune.com"
584,"Cassey","Stiller","385-658-1174","cstillerg7@lycos.com"
585,"Shelley","Kiddle","804-898-7783","skiddleg8@istockphoto.com"
586,"Horatia","Aylett","422-886-9470","haylettg9@goodreads.com"
587,"Thaine","Baddoe","311-582-5568","tbaddoega@ucla.edu"
588,"Wrennie","Dearell","206-447-9114","wdearellgb@deviantart.com"
589,"Moshe","Blewett","578-176-2621","mblewettgc@mapy.cz"
590,"Agata","Donnan","650-445-9094","adonnangd@blinklist.com"
591,"Jocelyne","Antonias","747-622-9297","jantoniasge@i2i.jp"
592,"Dolli","Statersfield","249-389-3833","dstatersfieldgf@msn.com"
593,"Ogdan","Kidde","587-300-1107","okiddegg@sciencedaily.com"
594,"Carmelle","Ranklin","875-816-7657","cranklingh@hostgator.com"
595,"Dur","McGarrity","518-387-2477","dmcgarritygi@addthis.com"
596,"Devan","Bartelet","146-285-5947","dbarteletgj@scribd.com"
597,"Kissie","Meltetal","776-545-3283","kmeltetalgk@tamu.edu"
598,"Fifi","Tatchell","880-409-5622","ftatchellgl@salon.com"
599,"Frayda","Urlin","339-128-6543","furlingm@photobucket.com"
600,"Bamby","Mattingson","267-257-2660","bmattingsongn@scientificamerican.com"
601,"Tore","Mattam","939-533-5715","tmattamgo@skype.com"
602,"Caesar","Hutcheson","499-860-6386","chutchesongp@marketwatch.com"
603,"Lucila","Canavan","366-498-4812","lcanavangq@dedecms.com"
604,"Corabella","Taft","432-637-5813","ctaftgr@reference.com"
605,"Klarika","Lilburn","738-458-6443","klilburngs@shareasale.com"
606,"Rowe","Firmager","539-732-9618","rfirmagergt@hostgator.com"
607,"Gus","Yacob","451-365-8177","gyacobgu@smh.com.au"
608,"Antin","Wittier","125-559-8941","awittiergv@hexun.com"
609,"Brock","Budden","601-750-6533","bbuddengw@shareasale.com"
610,"Maximilian","Gentric","564-611-2925","mgentricgx@constantcontact.com"
611,"Kristel","Duprey","612-987-4120","kdupreygy@odnoklassniki.ru"
612,"Rhianon","Yanez","265-118-9066","ryanezgz@sohu.com"
613,"Debbie","Waylen","523-458-6492","dwaylenh0@discuz.net"
614,"Danit","Jiroudek","752-413-9475","djiroudekh1@techcrunch.com"
615,"Marissa","Plumptre","983-962-4285","mplumptreh2@youtube.com"
616,"Julianna","Bilsborrow","956-241-1730","jbilsborrowh3@ocn.ne.jp"
617,"Horatius","Capell","863-478-6266","hcapellh4@prnewswire.com"
618,"Tersina","Codrington","420-686-0206","tcodringtonh5@time.com"
619,"Abbe","Worsley","326-132-0160","aworsleyh6@mapy.cz"
620,"Leah","O'Caine","498-306-3170","locaineh7@elegantthemes.com"
621,"Nickola","Wardesworth","105-212-6856","nwardesworthh8@unicef.org"
622,"Marabel","Turbill","151-975-7627","mturbillh9@craigslist.org"
623,"Wynne","Yewdale","828-722-5661","wyewdaleha@ftc.gov"
624,"Levon","Lawlee","417-286-2804","llawleehb@youku.com"
625,"Rafaellle","Buckoke","198-632-4046","rbuckokehc@guardian.co.uk"
626,"Keene","Ratnage","902-365-6058","kratnagehd@addthis.com"
627,"Cara","Villiers","939-542-3333","cvilliershe@dropbox.com"
628,"Heddie","Peeter","707-796-4979","hpeeterhf@latimes.com"
629,"Fred","Rides","167-437-0912","frideshg@g.co"
630,"Doreen","Simonnin","305-807-0094","dsimonninhh@redcross.org"
631,"Quentin","Kingzet","585-683-6818","qkingzethi@aboutads.info"
632,"Feodor","Stearnes","293-387-0940","fstearneshj@uiuc.edu"
633,"Maia","Cunah","774-720-7888","mcunahhk@odnoklassniki.ru"
634,"Cairistiona","Junkison","756-380-5048","cjunkisonhl@miitbeian.gov.cn"
635,"Brina","Munnion","441-255-7717","bmunnionhm@utexas.edu"
636,"Chrissie","Lindwasser","317-171-1242","clindwasserhn@surveymonkey.com"
637,"Hedwig","Astman","181-863-6877","hastmanho@nytimes.com"
638,"Field","Ruspine","159-699-0980","fruspinehp@pagesperso-orange.fr"
639,"Penn","Dawney","277-790-2651","pdawneyhq@twitpic.com"
640,"Elonore","Slowly","782-507-2833","eslowlyhr@indiegogo.com"
641,"Vally","Leatham","681-748-5127","vleathamhs@ftc.gov"
642,"Callie","Kuhlmey","100-615-0033","ckuhlmeyht@photobucket.com"
643,"Lynnette","Cunio","389-708-9962","lcuniohu@biblegateway.com"
644,"Fidelia","Vaissiere","698-473-9581","fvaissierehv@thetimes.co.uk"
645,"Hewett","Iori","185-602-9409","hiorihw@whitehouse.gov"
646,"Beverley","Plows","254-409-5596","bplowshx@yahoo.com"
647,"Minnaminnie","Hornig","413-143-5886","mhornighy@house.gov"
648,"Lutero","Dowsett","216-637-5039","ldowsetthz@mtv.com"
649,"Norbie","Remnant","389-579-1877","nremnanti0@tmall.com"
650,"Blakeley","Agius","188-878-5468","bagiusi1@bravesites.com"
651,"Quinn","Courvert","492-160-7543","qcourverti2@narod.ru"
652,"Myles","Dautry","477-946-4752","mdautryi3@fema.gov"
653,"Ryun","Gehringer","948-518-3624","rgehringeri4@paypal.com"
654,"Pippa","Yakebowitch","579-799-9691","pyakebowitchi5@comsenz.com"
655,"Rafael","Laurenson","444-864-9786","rlaurensoni6@narod.ru"
656,"Dolley","Binder","812-414-0863","dbinderi7@privacy.gov.au"
657,"Emery","Enric","905-260-4846","eenrici8@imageshack.us"
658,"Drusy","Skidmore","838-893-8811","dskidmorei9@wunderground.com"
659,"Dudley","Wims","248-948-1586","dwimsia@huffingtonpost.com"
660,"Sloane","Helbeck","811-885-4078","shelbeckib@sciencedirect.com"
661,"Beverlie","Hellier","293-256-0307","bhellieric@dion.ne.jp"
662,"Etty","Dressel","512-205-1097","edresselid@ask.com"
663,"Betteanne","Beames","838-688-2589","bbeamesie@dagondesign.com"
664,"Izaak","Povey","707-287-7250","ipoveyif@bluehost.com"
665,"Annadiane","Barden","575-186-8759","abardenig@google.co.uk"
666,"Caryl","Paolozzi","136-281-9095","cpaolozziih@stumbleupon.com"
667,"Davie","Stambridge","889-408-4373","dstambridgeii@multiply.com"
668,"Batsheva","Faveryear","785-743-9659","bfaveryearij@house.gov"
669,"Trent","Mackstead","283-757-0064","tmacksteadik@bravesites.com"
670,"Jen","Leheude","222-625-5088","jleheudeil@scientificamerican.com"
671,"Koressa","Gonoude","910-462-2509","kgonoudeim@lycos.com"
672,"Faydra","Daysh","774-752-3648","fdayshin@sfgate.com"
673,"Starlene","Hurry","217-182-6131","shurryio@alibaba.com"
674,"Courtnay","Shortland","508-819-1780","cshortlandip@ovh.net"
675,"Cullin","Sewards","396-954-1209","csewardsiq@nydailynews.com"
676,"Karry","Nassi","679-301-6100","knassiir@netvibes.com"
677,"Bradney","Grimwade","348-492-2320","bgrimwadeis@vistaprint.com"
678,"Shadow","Willmot","389-360-2316","swillmotit@nytimes.com"
679,"Drucill","Lowthorpe","374-452-0791","dlowthorpeiu@chronoengine.com"
680,"Durante","Blanc","510-987-1856","dblanciv@wikia.com"
681,"Ethan","Baudi","201-715-0621","ebaudiiw@pen.io"
682,"Siegfried","Gorringe","408-752-1270","sgorringeix@tripod.com"
683,"Damaris","Franck","707-951-2820","dfranckiy@usa.gov"
684,"Domeniga","Van der Mark","919-193-8288","dvandermarkiz@alibaba.com"
685,"Engelbert","Davis","316-966-6531","edavisj0@state.tx.us"
686,"Binni","Ropert","258-228-3499","bropertj1@ycombinator.com"
687,"Lona","Dugan","481-196-0644","lduganj2@issuu.com"
688,"Gaby","Poltun","994-928-1531","gpoltunj3@marriott.com"
689,"Jaynell","Baysting","592-480-4864","jbaystingj4@ow.ly"
690,"Goraud","Giacopelo","333-405-6660","ggiacopeloj5@businesswire.com"
691,"Nathalia","Kemetz","549-192-4784","nkemetzj6@elegantthemes.com"
692,"Clarke","Maus","435-118-1374","cmausj7@businessweek.com"
693,"Anne-marie","Malpas","536-853-3797","amalpasj8@joomla.org"
694,"Barr","Scogings","839-213-8810","bscogingsj9@state.tx.us"
695,"Briana","Grenshiels","171-477-6947","bgrenshielsja@pcworld.com"
696,"Amitie","Gorries","988-873-4147","agorriesjb@elpais.com"
697,"Otis","Kibbey","146-320-7108","okibbeyjc@microsoft.com"
698,"Bruno","Leedes","402-376-6951","bleedesjd@joomla.org"
699,"Cazzie","Trippett","158-913-3815","ctrippettje@marketwatch.com"
700,"Leila","Fessler","553-102-0064","lfesslerjf@posterous.com"
701,"James","Tiddeman","199-687-2817","jtiddemanjg@newyorker.com"
702,"Geoff","Doubrava","560-525-5534","gdoubravajh@theglobeandmail.com"
703,"Anetta","Pendry","639-465-2959","apendryji@networkadvertising.org"
704,"Faber","Stelli","396-822-9774","fstellijj@ning.com"
705,"Wash","Witling","848-277-2098","wwitlingjk@vimeo.com"
706,"Leeanne","Glynn","393-367-5480","lglynnjl@hexun.com"
707,"Natka","Lanahan","951-213-9873","nlanahanjm@lulu.com"
708,"Adey","Kasher","473-492-1229","akasherjn@hao123.com"
709,"Jodee","Waren","962-521-3630","jwarenjo@bloomberg.com"
710,"Merline","Bernolet","933-461-9841","mbernoletjp@theatlantic.com"
711,"Way","Basill","718-423-0295","wbasilljq@marketwatch.com"
712,"Claus","Scahill","427-906-5969","cscahilljr@naver.com"
713,"Meredeth","Badgers","559-477-9138","mbadgersjs@angelfire.com"
714,"Robbin","Speariett","876-407-7386","rspeariettjt@oaic.gov.au"
715,"Charyl","Lagneaux","350-682-6452","clagneauxju@tumblr.com"
716,"Rosanna","Bourley","115-567-9704","rbourleyjv@psu.edu"
717,"Eudora","Taffie","808-865-0321","etaffiejw@gov.uk"
718,"Vita","Macartney","865-347-4875","vmacartneyjx@admin.ch"
719,"Micky","Grastye","574-729-8338","mgrastyejy@blog.com"
720,"Raffaello","Durden","735-235-2914","rdurdenjz@columbia.edu"
721,"Franchot","Jouen","801-896-5671","fjouenk0@statcounter.com"
722,"Jeanette","Holson","165-537-1857","jholsonk1@nbcnews.com"
723,"Barbey","Wharram","742-644-2066","bwharramk2@unblog.fr"
724,"Dimitry","Galletley","292-515-8854","dgalletleyk3@businesswire.com"
725,"Kissiah","Walkingshaw","718-852-0764","kwalkingshawk4@admin.ch"
726,"Rea","Dytham","363-440-2865","rdythamk5@studiopress.com"
727,"Zachery","Emanuel","112-852-9698","zemanuelk6@huffingtonpost.com"
728,"Chiquia","Paunsford","722-767-8122","cpaunsfordk7@usgs.gov"
729,"Brod","Lawden","513-207-4377","blawdenk8@oracle.com"
730,"Rorke","Mudge","535-488-6232","rmudgek9@army.mil"
731,"Ros","Brody","817-937-0174","rbrodyka@comcast.net"
732,"Heida","Shackleford","155-877-9040","hshacklefordkb@slashdot.org"
733,"Henka","Side","993-348-0774","hsidekc@apache.org"
734,"Seumas","Chinge","741-248-0753","schingekd@cnet.com"
735,"Gerta","Bolino","217-264-7928","gbolinoke@cocolog-nifty.com"
736,"Janet","Bril","651-334-1854","jbrilkf@homestead.com"
737,"Kathrine","Twinbourne","787-453-3937","ktwinbournekg@elegantthemes.com"
738,"Alli","Bucke","765-383-1041","abuckekh@huffingtonpost.com"
739,"Gerrie","Bage","989-684-4138","gbageki@t.co"
740,"Joaquin","Corden","168-349-0658","jcordenkj@nsw.gov.au"
741,"Olga","Renshaw","346-579-3669","orenshawkk@mtv.com"
742,"Thurstan","Peevor","892-776-5209","tpeevorkl@cmu.edu"
743,"Pet","Suerz","860-477-9401","psuerzkm@jimdo.com"
744,"Naomi","Shaw","560-495-2716","nshawkn@chicagotribune.com"
745,"Julie","Phillpot","267-896-9527","jphillpotko@ted.com"
746,"Tonya","Weippert","245-711-1451","tweippertkp@microsoft.com"
747,"Bellina","Bellson","682-895-2359","bbellsonkq@cloudflare.com"
748,"Dexter","Cloughton","363-280-6389","dcloughtonkr@phoca.cz"
749,"Marthena","Starzaker","715-525-6589","mstarzakerks@apache.org"
750,"Zacharias","Dunsmuir","106-337-8103","zdunsmuirkt@comsenz.com"
751,"Hildegarde","Peatman","283-796-8982","hpeatmanku@cpanel.net"
752,"Gerhardine","Lethby","241-240-0451","glethbykv@nih.gov"
753,"Elena","Varcoe","310-622-7375","evarcoekw@yandex.ru"
754,"Rufus","Challes","172-582-5155","rchalleskx@amazonaws.com"
755,"Godwin","Leivers","731-577-2368","gleiversky@privacy.gov.au"
756,"Vida","Gath","338-420-5600","vgathkz@mapy.cz"
757,"Marnia","Howley","246-537-3386","mhowleyl0@geocities.jp"
758,"Emelyne","Medling","780-675-1144","emedlingl1@miibeian.gov.cn"
759,"Arlen","McCann","688-174-9983","amccannl2@slate.com"
760,"Loella","Ianne","349-506-1071","liannel3@jalbum.net"
761,"Kinna","Tegeller","360-439-1817","ktegellerl4@e-recht24.de"
762,"My","Lieb","518-105-5340","mliebl5@bloglines.com"
763,"Roma","Kassel","104-357-5253","rkassell6@prweb.com"
764,"Renaud","Moisey","479-676-4640","rmoiseyl7@scribd.com"
765,"Carly","Daniello","889-528-4515","cdaniellol8@geocities.jp"
766,"Kienan","Tuckie","105-862-5270","ktuckiel9@cornell.edu"
767,"Kizzee","Drache","995-557-3973","kdrachela@mlb.com"
768,"Delano","Bernocchi","915-236-0737","dbernocchilb@tripod.com"
769,"Monah","Woloschin","950-195-2836","mwoloschinlc@google.com.hk"
770,"Lira","Fidler","750-940-9989","lfidlerld@over-blog.com"
771,"Christabella","Blackford","263-548-2631","cblackfordle@nsw.gov.au"
772,"Sydney","Swaddle","657-596-1839","sswaddlelf@redcross.org"
773,"Joni","McRory","443-210-3627","jmcrorylg@illinois.edu"
774,"Noami","Smetoun","812-569-5229","nsmetounlh@discuz.net"
775,"Jesus","Stansell","942-631-1568","jstansellli@scribd.com"
776,"Phil","Pardoe","101-954-5664","ppardoelj@salon.com"
777,"Barry","Orrobin","688-481-1733","borrobinlk@omniture.com"
778,"Marcile","Abela","115-770-1620","mabelall@cargocollective.com"
779,"Early","Swate","314-404-3003","eswatelm@devhub.com"
780,"Conrado","Kirwan","989-696-7629","ckirwanln@deliciousdays.com"
781,"Casper","Baumann","359-123-4450","cbaumannlo@about.com"
782,"Judon","Ende","853-918-6669","jendelp@topsy.com"
783,"Fletcher","Ioannou","869-914-5954","fioannoulq@lulu.com"
784,"Tiffani","Stiell","599-847-0106","tstielllr@google.ca"
785,"Enrika","Vedenyakin","572-524-0651","evedenyakinls@mtv.com"
786,"Tammara","Webben","780-905-0386","twebbenlt@irs.gov"
787,"Antin","Hartshorn","150-436-6197","ahartshornlu@statcounter.com"
788,"Cristal","Dami","469-613-2836","cdamilv@redcross.org"
789,"Cindelyn","Pitt","251-474-6861","cpittlw@xing.com"
790,"Putnem","Lintot","910-811-7754","plintotlx@creativecommons.org"
791,"Laurene","Yannoni","404-978-8990","lyannonily@deliciousdays.com"
792,"Conny","Cunliffe","895-442-4902","ccunliffelz@disqus.com"
793,"Roldan","Arkow","374-841-8257","rarkowm0@apache.org"
794,"Wendy","Elwood","798-764-5688","welwoodm1@1und1.de"
795,"Dorotea","Yashaev","612-725-8785","dyashaevm2@craigslist.org"
796,"Cecelia","Zannini","158-225-0135","czanninim3@un.org"
797,"Arden","Datte","312-875-9819","adattem4@cdc.gov"
798,"Lucia","Farady","749-318-5070","lfaradym5@disqus.com"
799,"Allard","Spencley","307-745-4513","aspencleym6@livejournal.com"
800,"Binni","Kolushev","157-484-8016","bkolushevm7@pen.io"
801,"Towney","Kensit","795-792-8463","tkensitm8@bandcamp.com"
802,"Rikki","Lacotte","988-543-9398","rlacottem9@vk.com"
803,"Emanuel","Weekly","841-897-6633","eweeklyma@yahoo.co.jp"
804,"Dennie","Colegrove","266-866-9290","dcolegrovemb@uiuc.edu"
805,"Emlynn","Hillatt","958-304-0889","ehillattmc@mayoclinic.com"
806,"Kathryne","Lapslie","537-636-6128","klapsliemd@addtoany.com"
807,"Niki","Erwin","535-387-8862","nerwinme@themeforest.net"
808,"Hill","Drane","700-822-6844","hdranemf@harvard.edu"
809,"Lorry","Tindle","930-622-5410","ltindlemg@barnesandnoble.com"
810,"Vin","Ors","149-849-9554","vorsmh@discovery.com"
811,"Ado","Ivel","917-406-4929","aivelmi@redcross.org"
812,"Maryann","Bouts","330-395-5990","mboutsmj@whitehouse.gov"
813,"Mendie","Torrisi","803-151-4958","mtorrisimk@soundcloud.com"
814,"Dorisa","O'Loghlen","373-766-9155","dologhlenml@usatoday.com"
815,"Emlyn","Bradden","251-303-9090","ebraddenmm@nbcnews.com"
816,"Lucita","Newsham","941-546-1662","lnewshammn@wix.com"
817,"Tirrell","Waltho","676-185-0876","twalthomo@yellowbook.com"
818,"Ernesto","Tilne","421-467-4121","etilnemp@usatoday.com"
819,"Rozalin","Wyson","989-393-5299","rwysonmq@naver.com"
820,"Nara","Braven","455-916-2003","nbravenmr@godaddy.com"
821,"Mechelle","de Quesne","546-502-8138","mdequesnems@about.me"
822,"Cale","Silmon","230-699-1943","csilmonmt@about.me"
823,"Ferrell","Lea","406-659-4929","fleamu@usa.gov"
824,"Nico","Hufton","684-402-1932","nhuftonmv@foxnews.com"
825,"Angeli","Summerell","385-443-2896","asummerellmw@theglobeandmail.com"
826,"Odey","Wetter","174-659-5225","owettermx@google.com"
827,"Ronalda","Houndson","859-176-0997","rhoundsonmy@addthis.com"
828,"Vina","Crigin","131-852-0872","vcriginmz@accuweather.com"
829,"Kalil","Skures","370-500-9956","kskuresn0@ycombinator.com"
830,"Amalea","Deftie","907-690-5748","adeftien1@blogtalkradio.com"
831,"Florian","Whillock","294-708-2255","fwhillockn2@samsung.com"
832,"Wilek","Vant","671-462-9487","wvantn3@seattletimes.com"
833,"Ezmeralda","Tunnacliffe","824-997-1840","etunnacliffen4@wisc.edu"
834,"Gwyn","McKelvey","394-360-2617","gmckelveyn5@bluehost.com"
835,"Billye","Duckit","624-117-5345","bduckitn6@angelfire.com"
836,"Cole","Mulvaney","197-376-9378","cmulvaneyn7@dropbox.com"
837,"Hoyt","Dennington","451-410-0793","hdenningtonn8@amazon.co.jp"
838,"Maria","Strode","107-848-6696","mstroden9@github.com"
839,"Emile","Mildenhall","271-529-1223","emildenhallna@bbc.co.uk"
840,"Inglis","Leggett","692-363-9047","ileggettnb@answers.com"
841,"Bendite","Georgeon","836-281-8234","bgeorgeonnc@dagondesign.com"
842,"Dillon","Ghilks","631-469-3863","dghilksnd@europa.eu"
843,"Xever","Warret","125-508-0543","xwarretne@bloglovin.com"
844,"Maryanna","Cunniff","310-639-6308","mcunniffnf@mapy.cz"
845,"Lorri","Reef","432-291-0151","lreefng@dyndns.org"
846,"Cheston","Eake","346-455-6011","ceakenh@newsvine.com"
847,"Clea","Lytell","742-333-8079","clytellni@posterous.com"
848,"Jade","Luxford","768-474-7278","jluxfordnj@sourceforge.net"
849,"Burtie","Sirmond","934-452-4141","bsirmondnk@icio.us"
850,"Myrtice","Rumens","842-237-9171","mrumensnl@epa.gov"
851,"Wenona","Carson","403-588-8246","wcarsonnm@accuweather.com"
852,"Isidoro","Russo","101-602-6604","irussonn@sourceforge.net"
853,"Johna","Olifard","271-403-0586","jolifardno@cdc.gov"
854,"Melly","Gouldthorpe","621-334-3163","mgouldthorpenp@ow.ly"
855,"Ezequiel","Bramont","989-968-5723","ebramontnq@xrea.com"
856,"Sebastian","Gendrich","641-705-8669","sgendrichnr@woothemes.com"
857,"Newton","Blaiklock","502-599-3264","nblaiklockns@phpbb.com"
858,"Della","Setchell","756-689-4056","dsetchellnt@google.ca"
859,"Kelsy","Dominka","698-561-6307","kdominkanu@tamu.edu"
860,"Dexter","Shinner","575-280-8134","dshinnernv@istockphoto.com"
861,"Dorri","McKeeman","888-775-4317","dmckeemannw@macromedia.com"
862,"Christine","Mendel","993-508-3860","cmendelnx@google.com.hk"
863,"Norina","Ryce","410-603-2569","nryceny@e-recht24.de"
864,"Tory","Verity","888-209-1723","tveritynz@liveinternet.ru"
865,"Israel","Gelsthorpe","477-458-4459","igelsthorpeo0@cornell.edu"
866,"Shannan","MacDwyer","571-722-7862","smacdwyero1@youku.com"
867,"Elie","Flack","713-663-2856","eflacko2@cnn.com"
868,"Florentia","Stalman","131-191-6578","fstalmano3@goo.ne.jp"
869,"Lucille","Dreng","659-164-2035","ldrengo4@pcworld.com"
870,"Franky","FitzGeorge","969-822-4052","ffitzgeorgeo5@jimdo.com"
871,"Mamie","Perrigo","798-163-4037","mperrigoo6@netlog.com"
872,"Sauncho","Hogbourne","352-879-2167","shogbourneo7@ucoz.com"
873,"Doria","Cripin","425-757-3650","dcripino8@cloudflare.com"
874,"Myrtle","Yarnton","121-209-3573","myarntono9@skype.com"
875,"Oby","Smeeth","525-828-7630","osmeethoa@cafepress.com"
876,"Dyna","Breadmore","551-898-5325","dbreadmoreob@unc.edu"
877,"Konstance","Leadbitter","932-897-5879","kleadbitteroc@plala.or.jp"
878,"Carleen","Hayesman","715-544-7499","chayesmanod@earthlink.net"
879,"Cosette","Reyner","716-375-5605","creyneroe@pen.io"
880,"Zabrina","Traise","890-675-2628","ztraiseof@hc360.com"
881,"Charlean","Batter","233-298-8974","cbatterog@de.vu"
882,"Abbey","Maycey","869-638-9001","amayceyoh@netscape.com"
883,"Gaby","Cratere","997-348-8488","gcratereoi@epa.gov"
884,"Hermine","Snalham","734-741-4179","hsnalhamoj@over-blog.com"
885,"Faunie","Houldcroft","786-328-4847","fhouldcroftok@cmu.edu"
886,"Zaria","Filtness","362-543-4748","zfiltnessol@businessinsider.com"
887,"Lizzy","Roskam","318-389-1492","lroskamom@odnoklassniki.ru"
888,"Quintina","Gregol","823-291-0451","qgregolon@marketwatch.com"
889,"Rayshell","Eilhersen","404-703-4580","reilhersenoo@spotify.com"
890,"Kassie","Barter","365-524-4153","kbarterop@reuters.com"
891,"Eachelle","Aspell","928-449-1747","easpelloq@quantcast.com"
892,"Katee","Peagram","265-638-6881","kpeagramor@miitbeian.gov.cn"
893,"Alleen","Malitrott","285-275-2508","amalitrottos@liveinternet.ru"
894,"Georgia","Walkley","771-623-5455","gwalkleyot@4shared.com"
895,"Corly","Boyde","576-231-2799","cboydeou@cbslocal.com"
896,"Sollie","Dorbon","546-720-4514","sdorbonov@weibo.com"
897,"Town","Tillett","598-656-3843","ttillettow@ifeng.com"
898,"Kendell","Canham","186-227-8439","kcanhamox@slate.com"
899,"Katlin","Eadmeads","263-291-7276","keadmeadsoy@theatlantic.com"
900,"Carroll","Maynell","741-757-1692","cmaynelloz@timesonline.co.uk"
901,"Aimil","Foye","447-156-7903","afoyep0@abc.net.au"
902,"Nikolai","Reardon","480-279-5559","nreardonp1@angelfire.com"
903,"Dalis","Gluyas","700-891-1844","dgluyasp2@prweb.com"
904,"Clareta","Pigford","900-183-6932","cpigfordp3@dion.ne.jp"
905,"Tobye","Cockett","597-240-4864","tcockettp4@foxnews.com"
906,"Denys","Tidd","425-533-8918","dtiddp5@nydailynews.com"
907,"Gizela","Medina","290-566-2164","gmedinap6@about.me"
908,"Jermain","Sudlow","462-226-8633","jsudlowp7@opensource.org"
909,"Garrard","Wedon","875-338-0215","gwedonp8@nyu.edu"
910,"Dorolice","Wookey","141-251-5499","dwookeyp9@wufoo.com"
911,"Noel","Makeswell","315-589-4336","nmakeswellpa@weebly.com"
912,"Roosevelt","Jeynes","695-100-9247","rjeynespb@networkadvertising.org"
913,"Kristos","Fawdrie","243-913-4590","kfawdriepc@t.co"
914,"Kahlil","Maykin","376-350-8364","kmaykinpd@naver.com"
915,"Gracie","Olden","864-349-4164","goldenpe@live.com"
916,"Netti","Gadsdon","517-985-4920","ngadsdonpf@twitpic.com"
917,"Flory","Beddingham","950-842-8346","fbeddinghampg@accuweather.com"
918,"Alford","Valente","933-634-5899","avalenteph@umich.edu"
919,"Josi","Pardie","387-199-6406","jpardiepi@taobao.com"
920,"Lynnette","Sadd","500-190-4627","lsaddpj@printfriendly.com"
921,"Raffarty","Wines","560-717-0131","rwinespk@census.gov"
922,"Malcolm","De Paepe","761-642-1697","mdepaepepl@dyndns.org"
923,"Ivar","Jersch","434-469-6923","ijerschpm@uol.com.br"
924,"Aliza","Penwarden","830-494-8102","apenwardenpn@yale.edu"
925,"Hale","Perillio","569-808-2997","hperilliopo@goo.ne.jp"
926,"Oby","Cranson","855-192-5887","ocransonpp@weebly.com"
927,"Murdoch","Enderson","910-957-8451","mendersonpq@apple.com"
928,"Phylys","Danahar","734-772-9600","pdanaharpr@narod.ru"
929,"Paola","Janacek","978-846-3846","pjanacekps@blinklist.com"
930,"Delinda","Ravilus","229-369-2303","draviluspt@google.ru"
931,"Edee","Kestell","118-111-8834","ekestellpu@sina.com.cn"
932,"Leslie","Limer","602-686-2413","llimerpv@berkeley.edu"
933,"Shirline","Walrond","684-796-0552","swalrondpw@furl.net"
934,"Kasey","Strangward","588-898-1849","kstrangwardpx@360.cn"
935,"Lucretia","Thunders","236-754-6898","lthunderspy@blogger.com"
936,"Erasmus","Peeke","412-571-4169","epeekepz@studiopress.com"
937,"Gerome","Dameisele","330-835-3258","gdameiseleq0@blogs.com"
938,"Mathias","Kimmings","556-129-7466","mkimmingsq1@vistaprint.com"
939,"Gretal","Nunnerley","663-195-6840","gnunnerleyq2@reverbnation.com"
940,"Bethena","Piletic","608-751-1478","bpileticq3@163.com"
941,"Dev","Hares","131-179-1499","dharesq4@zdnet.com"
942,"Hollis","Borzoni","397-535-7275","hborzoniq5@soundcloud.com"
943,"Caz","Housen","584-921-8967","chousenq6@msn.com"
944,"Dyanne","Velareal","476-575-1075","dvelarealq7@hao123.com"
945,"Elie","Domenget","818-768-7440","edomengetq8@soundcloud.com"
946,"Em","Hollebon","897-437-5865","ehollebonq9@yandex.ru"
947,"Alard","Gartshore","484-217-9937","agartshoreqa@moonfruit.com"
948,"Avis","Wloch","338-654-6959","awlochqb@stanford.edu"
949,"Alano","Walas","226-134-8858","awalasqc@addtoany.com"
950,"Roderich","Natwick","485-207-6556","rnatwickqd@digg.com"
951,"Lorilee","Faulds","570-592-2672","lfauldsqe@paginegialle.it"
952,"Cori","Seabrook","569-545-1713","cseabrookqf@google.cn"
953,"Eb","Hollows","829-881-6255","ehollowsqg@jiathis.com"
954,"Shena","Lunnon","557-323-6801","slunnonqh@bloomberg.com"
955,"Webb","Revans","700-999-4094","wrevansqi@cisco.com"
956,"Gery","Corkett","919-788-7187","gcorkettqj@qq.com"
957,"Graig","Judkins","229-302-3200","gjudkinsqk@fda.gov"
958,"Basil","O'Suaird","737-517-4411","bosuairdql@japanpost.jp"
959,"Tristam","Burtenshaw","662-612-6293","tburtenshawqm@phoca.cz"
960,"Ardath","Scurrell","149-257-4618","ascurrellqn@house.gov"
961,"Malina","Fessby","262-326-4549","mfessbyqo@indiatimes.com"
962,"Davine","Josselsohn","358-362-1539","djosselsohnqp@slashdot.org"
963,"Hanson","Luxton","614-741-7732","hluxtonqq@wsj.com"
964,"Thane","Wasmer","459-995-2213","twasmerqr@wikia.com"
965,"Carol-jean","Bramley","932-429-0385","cbramleyqs@friendfeed.com"
966,"Gwenora","Kirkness","189-493-2732","gkirknessqt@aboutads.info"
967,"Stephanie","Ellacott","404-730-8529","sellacottqu@mayoclinic.com"
968,"Paulita","Buckney","577-522-5557","pbuckneyqv@arizona.edu"
969,"Darcy","Cardo","893-428-3336","dcardoqw@bing.com"
970,"Chen","Rubinovitch","589-144-3641","crubinovitchqx@furl.net"
971,"Penny","Walling","575-769-6069","pwallingqy@hubpages.com"
972,"Grantley","Gerardin","941-979-3581","ggerardinqz@hubpages.com"
973,"Vale","Andreassen","998-670-1991","vandreassenr0@woothemes.com"
974,"Margy","Munford","630-736-2214","mmunfordr1@timesonline.co.uk"
975,"Ruddie","Mundwell","469-957-5799","rmundwellr2@networksolutions.com"
976,"Etti","Gronauer","439-476-4725","egronauerr3@amazonaws.com"
977,"Albert","Powder","282-635-4581","apowderr4@imageshack.us"
978,"Davy","Gooderidge","202-143-1574","dgooderidger5@amazon.co.uk"
979,"Ezekiel","Curr","759-604-6232","ecurrr6@51.la"
980,"Dena","Burnep","492-286-3513","dburnepr7@yellowbook.com"
981,"Patty","Oxer","292-912-7038","poxerr8@dmoz.org"
982,"Gipsy","Gatley","508-233-0512","ggatleyr9@nymag.com"
983,"Esmaria","Rubenovic","285-440-3543","erubenovicra@opensource.org"
984,"Marjie","Chesser","317-180-4824","mchesserrb@ifeng.com"
985,"Quinn","Dawdry","135-405-9793","qdawdryrc@g.co"
986,"Siusan","Jehu","752-707-4485","sjehurd@fema.gov"
987,"Tracie","Arkow","554-737-4086","tarkowre@yandex.ru"
988,"Blair","Spawforth","175-886-0980","bspawforthrf@elpais.com"
989,"Kim","Spadotto","497-957-8342","kspadottorg@wunderground.com"
990,"Nathanil","Brawn","435-294-3301","nbrawnrh@webmd.com"
991,"Vaclav","Castelain","584-302-8622","vcastelainri@dailymail.co.uk"
992,"Darya","Rappa","671-469-1543","drapparj@cbslocal.com"
993,"Chiarra","Dutt","123-835-0922","cduttrk@usgs.gov"
994,"Elnar","Fiddy","851-500-7733","efiddyrl@deviantart.com"
995,"Vanny","Milier","858-373-1895","vmilierrm@bluehost.com"
996,"Auberta","Ruppele","527-573-6479","aruppelern@howstuffworks.com"
997,"Janel","Dabner","343-585-3752","jdabnerro@slate.com"
998,"Humfrey","Flannery","419-643-8097","hflanneryrp@clickbank.net"
999,"Marieann","Saltrese","290-323-2390","msaltreserq@marketwatch.com"
1000,"Isiahi","Jansie","257-881-5336","ijansierr@stumbleupon.com"
